{
    "discos" : [
        {
            "disco" : {
                "id" :  1,
                "titulo" : "Otro Paso a la Locura",
                "año" : "2014",
                "descripcion" : "Este álbum es una ventana a la mente de un joven artista explorando sus primeros grandes amores y desamores, las dudas existenciales y la búsqueda de su lugar en el mundo. ",
                "descripcionE" : "Lanzado en 2014, Otro Paso a La Locura marcó un punto significativo en la carrera temprana de Nanpa Básico. Este álbum es una ventana a la mente de un joven artista explorando sus primeros grandes amores y desamores, las dudas existenciales y la búsqueda de su lugar en el mundo. El proceso creativo de este disco se caracterizó por una experimentación honesta con el sonido del rap colombiano, buscando una voz propia que se alejara de las tendencias comerciales. Es un álbum crudo, lleno de sentimientos a flor de piel, donde cada rima se siente como una confesión personal. La anécdota central podría ser la espontaneidad con la que se grabaron muchas de sus canciones, capturando la esencia del momento sin demasiadas producciones. El mensaje principal es la aceptación de la vulnerabilidad y el crecimiento a través de las experiencias, buenas o malas.",
                "influencias" : "En 'Otro Paso a La Locura' se perciben claramente las influencias del rap underground de los 2000, con beats que remiten al sonido clásico de la costa este. También hay destellos de jazz y soul clásico que se filtran en las melodías, aportando una sofisticación inesperada para un álbum tan temprano. Las experiencias personales del artista, sus vivencias en Medellín y las relaciones sentimentales de la juventud son las principales fuentes de inspiración lírica.",
                "cover" : "https://i.scdn.co/image/ab67616d00001e0256aa0e0d7cea6f470d5927c8",
                "link" : "https://www.youtube.com/playlist?list=OLAK5uy_kzQGOrmzK-SgSF0UJj9749Ur5Ckf9j6UE",
                "canciones" : ["<li>Esto Va</li>",
                                "<li>Prototipo</li>",
                                "<li>Tu Familia Dice</li>",
                                "<li>Estoy</li>",
                                "<li>Enfermo de Irrealidad</li>",
                                "<li>Hoy</li>",
                                "<li>Tras tus Prismas</li>",
                                "<li>Eres</li>",
                                "<li>Binomio</li>",
                                "<li>4:20</li>",
                                "<li>Soy Culpable</li>",
                                "<li>Te Invito a no Hacer Nada</li>",
                                "<li>Acid Sound</li>"]
            }
        },
        {
            "disco" : {
                "id" :  2,
                "titulo" : "Ambigüo",
                "año" : "2015",
                "descripcion" : "Este álbum explora las complejidades del amor en sus diferentes matices, las contradicciones internas y la búsqueda de sentido en un mundo que no siempre ofrece respuestas fáciles.",
                "descripcionE" : "Ambigüo, lanzado en 2015, refleja una etapa de mayor madurez y autoconocimiento en la vida de Nanpa Básico. El título mismo sugiere la temática central: la dualidad de las emociones y las situaciones, la dificultad de encajar todo en categorías claras. Este álbum explora las complejidades del amor en sus diferentes matices, las contradicciones internas y la búsqueda de sentido en un mundo que no siempre ofrece respuestas fáciles. El proceso creativo fue más introspectivo, con el artista puliendo sus letras para que fueran más poéticas y a la vez accesibles. Se dice que muchas de las canciones nacieron de largas noches de reflexión y escritura solitaria. El mensaje principal es la aceptación de la complejidad humana y la belleza que reside en la incertidumbre.",
                "influencias" : "'Ambigüo' muestra una evolución hacia un sonido más melódico, con claras influencias de R&B contemporáneo y soul. Los elementos de reggae y ritmos latinos comienzan a hacerse más presentes, aportando una cadencia diferente a sus rimas. Experiencias de viajes y encuentros culturales también podrían haber nutrido la inspiración para este trabajo, expandiendo su perspectiva lírica.",
                "cover" : "https://i.scdn.co/image/ab67616d0000b27374cd0e2cb22f2050fb30ad7b",
                "link" : "https://www.youtube.com/playlist?list=OLAK5uy_kzQGOrmzK-SgSF0UJj9749Ur5Ckf9j6UE",
                "canciones" : ["<li>Esto Va</li>",
                                "<li>Prototipo</li>",
                                "<li>Tu Familia Dice</li>",
                                "<li>Estoy</li>",
                                "<li>Enfermo de Irrealidad</li>",
                                "<li>Hoy</li>",
                                "<li>Tras tus Prismas</li>",
                                "<li>Eres</li>",
                                "<li>Binomio</li>",
                                "<li>4:20</li>",
                                "<li>Soy Culpable</li>",
                                "<li>Te Invito a no Hacer Nada</li>",
                                "<li>Acid Sound</li>"]
            }
        },
        {
            "disco" : {
                "id" :  3,
                "titulo" : "Compilado Vol.1",
                "año" : "2015",
                "descripcion" : "Más que un álbum conceptual, es una muestra de su evolución y versatilidad en sus primeros años.",
                "descripcionE" : "Compilado, Vol. 1, lanzado también en 2015, es una colección que representa un hito en la carrera de Nanpa Básico, reuniendo algunas de sus piezas más emblemáticas hasta ese momento. Más que un álbum conceptual, es una muestra de su evolución y versatilidad en sus primeros años. Este compilado sirve como un resumen de su estilo lírico y musical antes de aventurarse en proyectos más temáticos. La creación de este disco fue una oportunidad para consolidar su material existente y presentarlo de manera cohesionada a una audiencia en crecimiento. El mensaje principal es la celebración de su trayectoria inicial y la consolidación de su sonido.",
                "influencias" : "Al ser un compilado, las influencias son variadas y reflejan su camino hasta ese punto: rap clásico, soul, R&B y las bases de poesía urbana. Es un testimonio de sus primeros años experimentando con diferentes fusiones y estilos.",
                "cover" : "https://i.scdn.co/image/ab67616d0000b2738160077b29de71d5549882c7",
                "link" : "https://www.youtube.com/playlist?list=OLAK5uy_kzQGOrmzK-SgSF0UJj9749Ur5Ckf9j6UE",
                "canciones" : ["<li>Esto Va</li>",
                                "<li>Prototipo</li>",
                                "<li>Tu Familia Dice</li>",
                                "<li>Estoy</li>",
                                "<li>Enfermo de Irrealidad</li>",
                                "<li>Hoy</li>",
                                "<li>Tras tus Prismas</li>",
                                "<li>Eres</li>",
                                "<li>Binomio</li>",
                                "<li>4:20</li>",
                                "<li>Soy Culpable</li>",
                                "<li>Te Invito a no Hacer Nada</li>",
                                "<li>Acid Sound</li>"]
            }
        },
        {
            "disco" : {
                "id" :  4,
                "titulo" : "Según Nosotros",
                "año" : "2016",
                "descripcion" : "Un álbum que profundiza en la perspectiva colectiva y la crítica social, sin dejar de lado la introspección personal.",
                "descripcionE" : "En 2016, Nanpa Básico nos entregó Según Nosotros, un álbum que profundiza en la perspectiva colectiva y la crítica social, sin dejar de lado la introspección personal. Este trabajo aborda temas de desigualdad, injusticia y las complejidades de la sociedad moderna desde su particular visión. El proceso creativo implicó una mayor observación del entorno y una reflexión sobre el papel del artista en la denuncia social. Puede que haya anécdotas de haber escrito letras inspiradas en eventos noticiosos o conversaciones con personas de diferentes estratos sociales. El mensaje principal es la invitación a cuestionar la realidad y a buscar una verdad más allá de lo establecido.",
                "influencias" : "'Según Nosotros' podría mostrar un retorno a las raíces del rap consciente y político, con una mayor influencia de artistas que abordan temáticas sociales. Los ritmos pueden ser más crudos y directos, manteniendo la esencia del hip-hop.",
                "cover" : "https://i.scdn.co/image/ab67616d0000b2731e5deb69b310e8013ed1c225",
                "link" : "https://www.youtube.com/playlist?list=OLAK5uy_kzQGOrmzK-SgSF0UJj9749Ur5Ckf9j6UE",
                "canciones" : ["<li>Esto Va</li>",
                                "<li>Prototipo</li>",
                                "<li>Tu Familia Dice</li>",
                                "<li>Estoy</li>",
                                "<li>Enfermo de Irrealidad</li>",
                                "<li>Hoy</li>",
                                "<li>Tras tus Prismas</li>",
                                "<li>Eres</li>",
                                "<li>Binomio</li>",
                                "<li>4:20</li>",
                                "<li>Soy Culpable</li>",
                                "<li>Te Invito a no Hacer Nada</li>",
                                "<li>Acid Sound</li>"]
            }
        },
        {
            "disco" : {
                "id" :  5,
                "titulo" : "Viajero",
                "año" : "2018",
                "descripcion" : "Este álbum reúne canciones que quizás fueron grabadas en diferentes lugares o inspiradas por sus viajes, mostrando la influencia de nuevas culturas y paisajes en su música.",
                "descripcionE" : "Compilado Viajero, lanzado en 2018, es más que una simple recopilación; es un reflejo de la expansión geográfica y artística de Nanpa Básico. Este álbum reúne canciones que quizás fueron grabadas en diferentes lugares o inspiradas por sus viajes, mostrando la influencia de nuevas culturas y paisajes en su música. El proceso creativo de este compilado es la suma de experiencias acumuladas en giras y estancias fuera de Colombia, lo que le dio una perspectiva más global a sus letras. El mensaje principal es la evolución a través de la exploración y el aprendizaje constante.",
                "influencias" : "Las influencias en 'Compilado Viajero' son una amalgama de sus géneros base (rap, R&B, soul) enriquecidos por elementos de músicas del mundo que pudo haber encontrado en sus viajes, aportando texturas y sonidos frescos a su propuesta.",
                "cover" : "https://i.scdn.co/image/ab67616d0000b27377b64a0e773f9bb9042d52e2",
                "link" : "https://www.youtube.com/playlist?list=OLAK5uy_kzQGOrmzK-SgSF0UJj9749Ur5Ckf9j6UE",
                "canciones" : ["<li>Esto Va</li>",
                                "<li>Prototipo</li>",
                                "<li>Tu Familia Dice</li>",
                                "<li>Estoy</li>",
                                "<li>Enfermo de Irrealidad</li>",
                                "<li>Hoy</li>",
                                "<li>Tras tus Prismas</li>",
                                "<li>Eres</li>",
                                "<li>Binomio</li>",
                                "<li>4:20</li>",
                                "<li>Soy Culpable</li>",
                                "<li>Te Invito a no Hacer Nada</li>",
                                "<li>Acid Sound</li>"]
            }
        },
        {
            "disco" : {
                "id" :  6,
                "titulo" : "Pureza",
                "año" : "2020",
                "descripcion" : "Este álbum posiblemente se enfoque en temas de desintoxicación emocional, la importancia de la salud mental y la conexión con uno mismo.",
                "descripcionE" : "Pureza, lanzado en 2020, en un año de grandes desafíos globales, podría simbolizar la búsqueda de lo esencial y lo auténtico en medio del caos. Este álbum posiblemente se enfoque en temas de desintoxicación emocional, la importancia de la salud mental y la conexión con uno mismo. El proceso creativo pudo haber sido más íntimo, dado el contexto del encierro y la reflexión forzada de ese año. Se rumorea que Nanpa Básico se dedicó a depurar su sonido y sus letras, eliminando lo superfluo para quedarse solo con lo más significativo. El mensaje principal es el retorno a la esencia y la celebración de la simplicidad y la verdad interior.",
                "influencias" : "En 'Pureza' se podría percibir una mayor inclinación hacia el soul y el R&B melódico, con menos énfasis en ritmos agresivos y más en atmósferas envolventes. Las influencias de la meditación o prácticas de mindfulness podrían haber permeado sus letras y el ambiente sonoro del disco.",
                "cover" : "https://cdn-images.dzcdn.net/images/cover/833690e3577974dbdc2ecf51f9c5ca75/500x500-000000-80-0-0.jpg",
                "link" : "https://www.youtube.com/playlist?list=OLAK5uy_kzQGOrmzK-SgSF0UJj9749Ur5Ckf9j6UE",
                "canciones" : ["<li>Esto Va</li>",
                                "<li>Prototipo</li>",
                                "<li>Tu Familia Dice</li>",
                                "<li>Estoy</li>",
                                "<li>Enfermo de Irrealidad</li>",
                                "<li>Hoy</li>",
                                "<li>Tras tus Prismas</li>",
                                "<li>Eres</li>",
                                "<li>Binomio</li>",
                                "<li>4:20</li>",
                                "<li>Soy Culpable</li>",
                                "<li>Te Invito a no Hacer Nada</li>",
                                "<li>Acid Sound</li>"]
            }
        },
        {
            "disco" : {
                "id" :  7,
                "titulo" : "Unicornio",
                "año" : "2020",
                "descripcion" : "Este álbum explora temas de amor idealizado, sueños, aspiraciones y la búsqueda de aquello que parece inalcanzable, simbolizado por la figura mítica del unicornio.",
                "descripcionE" : "También lanzado en 2020, Unicornio representa una faceta más onírica y quizás esperanzadora de Nanpa Básico. Si 'Pureza' fue la introspección, 'Unicornio' podría ser la evasión y la fantasía. Este álbum explora temas de amor idealizado, sueños, aspiraciones y la búsqueda de aquello que parece inalcanzable, simbolizado por la figura mítica del unicornio. El proceso creativo pudo haber sido un escape de la realidad, un ejercicio de imaginación y creación de mundos sonoros. El mensaje principal es la importancia de soñar y mantener viva la magia en la vida.",
                "influencias" : "'Unicornio' podría tener un sonido más etéreo y experimental, con influencias de pop alternativo, dream pop y elementos electrónicos que crean atmósferas envolventes. Las influencias líricas podrían venir de la literatura fantástica o la poesía más abstracta.",
                "cover" : "https://cdn-images.dzcdn.net/images/cover/3307d76c0fd618cf4511dc6a92a77dd0/500x500-000000-80-0-0.jpg",
                "link" : "https://www.youtube.com/playlist?list=OLAK5uy_kzQGOrmzK-SgSF0UJj9749Ur5Ckf9j6UE",
                "canciones" : ["<li>Esto Va</li>",
                                "<li>Prototipo</li>",
                                "<li>Tu Familia Dice</li>",
                                "<li>Estoy</li>",
                                "<li>Enfermo de Irrealidad</li>",
                                "<li>Hoy</li>",
                                "<li>Tras tus Prismas</li>",
                                "<li>Eres</li>",
                                "<li>Binomio</li>",
                                "<li>4:20</li>",
                                "<li>Soy Culpable</li>",
                                "<li>Te Invito a no Hacer Nada</li>",
                                "<li>Acid Sound</li>"]
            }
        },
        {
            "disco" : {
                "id" :  8,
                "titulo" : "Las que no Estaban",
                "año" : "2020",
                "descripcion" : "Este álbum podría ser un regalo para sus fans, ofreciendo una mirada a material que no encajaba en otros proyectos o que el artista quería compartir de forma especial.",
                "descripcionE" : "Las Que No Estaban, también de 2020, sugiere una colección de canciones 'perdidas' o inéditas que finalmente vieron la luz. Este álbum podría ser un regalo para sus fans, ofreciendo una mirada a material que no encajaba en otros proyectos o que el artista quería compartir de forma especial. El proceso creativo pudo haber sido una excavación en sus archivos personales, rescatando gemas ocultas y dándoles un nuevo pulido. Es una muestra de la generosidad del artista al compartir piezas de su pasado. El mensaje principal es la revalorización de lo no publicado y la conexión directa con su audiencia.",
                "influencias" : "Las influencias en 'Las Que No Estaban' podrían ser muy variadas, ya que se trata de un compendio. Podrían ir desde sus primeros experimentos de rap crudo hasta melodías más cercanas al R&B o soul, mostrando la diversidad de su catálogo interno.",
                "cover" : "https://i.scdn.co/image/ab67616d00001e0251c776181d00b1c1922ed593",
                "link" : "https://www.youtube.com/playlist?list=OLAK5uy_kzQGOrmzK-SgSF0UJj9749Ur5Ckf9j6UE",
                "canciones" : ["<li>Esto Va</li>",
                                "<li>Prototipo</li>",
                                "<li>Tu Familia Dice</li>",
                                "<li>Estoy</li>",
                                "<li>Enfermo de Irrealidad</li>",
                                "<li>Hoy</li>",
                                "<li>Tras tus Prismas</li>",
                                "<li>Eres</li>",
                                "<li>Binomio</li>",
                                "<li>4:20</li>",
                                "<li>Soy Culpable</li>",
                                "<li>Te Invito a no Hacer Nada</li>",
                                "<li>Acid Sound</li>"]
            }
        },
        {
            "disco" : {
                "id" :  9,
                "titulo" : "Los no tan Tristes",
                "año" : "2021",
                "descripcion" : "Un álbum colaborativo que marca un hito importante al unir a Nanpa Básico con dos grandes figuras del rap mexicano, Gera MX y Charles Ans.",
                "descripcionE" : "Los No Tan Tristes, lanzado en 2021, es un álbum colaborativo que marca un hito importante al unir a Nanpa Básico con dos grandes figuras del rap mexicano, Gera MX y Charles Ans. El título es un juego de palabras que sugiere que, aunque el rap a menudo se asocia con la melancolía, este proyecto busca explorar los matices más luminosos y optimistas dentro del género. El proceso creativo fue una sinergia de estilos y perspectivas, donde cada artista aportó su visión para crear un sonido cohesionado pero diverso. Anécdotas de sesiones de estudio llenas de química y camaradería son probables. El mensaje principal es la fusión de talentos para crear algo nuevo y la demostración de que el rap puede ser tan alegre como introspectivo.",
                "influencias" : "Este álbum es una rica mezcla de los estilos individuales de cada artista. Se perciben las influencias del rap melódico de Nanpa Básico, el estilo más callejero y directo de Gera MX, y la sensibilidad bohemia de Charles Ans. Los ritmos pueden variar desde beats más clásicos de hip-hop hasta fusiones con reggae y R&B, creando un sonido vibrante y dinámico.",
                "cover" : "https://i.scdn.co/image/ab67616d0000b2731e7faa47c3b3fe3a438a9be9",
                "link" : "https://www.youtube.com/playlist?list=OLAK5uy_kzQGOrmzK-SgSF0UJj9749Ur5Ckf9j6UE",
                "canciones" : ["<li>Esto Va</li>",
                                "<li>Prototipo</li>",
                                "<li>Tu Familia Dice</li>",
                                "<li>Estoy</li>",
                                "<li>Enfermo de Irrealidad</li>",
                                "<li>Hoy</li>",
                                "<li>Tras tus Prismas</li>",
                                "<li>Eres</li>",
                                "<li>Binomio</li>",
                                "<li>4:20</li>",
                                "<li>Soy Culpable</li>",
                                "<li>Te Invito a no Hacer Nada</li>",
                                "<li>Acid Sound</li>"]
            }
        },
        {
            "disco" : {
                "id" :  10,
                "titulo" : "HECHO M13RDA",
                "año" : "2022",
                "descripcion" : "Un álbum de crítica social punzante y una expresión sin filtros de las frustraciones y realidades del mundo contemporáneo.",
                "descripcionE" : "HECHO M13RD4, lanzado en 2022, con un título provocador y directo, sugiere un álbum de crítica social punzante y una expresión sin filtros de las frustraciones y realidades del mundo contemporáneo. Este trabajo podría abordar temas de corrupción, hipocresía, desigualdades y la lucha individual contra un sistema opresor. El proceso creativo pudo haber sido catártico, permitiendo a Nanpa Básico desahogarse y plasmar su rabia de forma artística. Las anécdotas podrían girar en torno a la polémica o el impacto que este título y sus letras generaron. El mensaje principal es la confrontación de la realidad sin eufemismos y la búsqueda de la verdad a través de la denuncia.",
                "influencias" : "En 'HECHO M13RD4' se esperaría un retorno a las raíces del rap contestatario y más agresivo, con influencias de rap político y social. Los beats podrían ser más duros y directos, complementando la crudeza de las letras.",
                "cover" : "https://i.scdn.co/image/ab67616d0000b2737aeea491fdee5445b3394014",
                "link" : "https://www.youtube.com/playlist?list=OLAK5uy_kzQGOrmzK-SgSF0UJj9749Ur5Ckf9j6UE",
                "canciones" : ["<li>Esto Va</li>",
                                "<li>Prototipo</li>",
                                "<li>Tu Familia Dice</li>",
                                "<li>Estoy</li>",
                                "<li>Enfermo de Irrealidad</li>",
                                "<li>Hoy</li>",
                                "<li>Tras tus Prismas</li>",
                                "<li>Eres</li>",
                                "<li>Binomio</li>",
                                "<li>4:20</li>",
                                "<li>Soy Culpable</li>",
                                "<li>Te Invito a no Hacer Nada</li>",
                                "<li>Acid Sound</li>"]
            }
        },
        {
            "disco" : {
                "id" :  11,
                "titulo" : "Duelo",
                "año" : "2024",
                "descripcion" : "Un álbum centrado en el proceso de la pérdida, la superación y la confrontación de emociones difíciles.",
                "descripcionE" : "Duelo, lanzado en 2024, un título que evoca una profunda carga emocional, sugiere un álbum centrado en el proceso de la pérdida, la superación y la confrontación de emociones difíciles. Podría explorar el luto en sus diversas formas (desamor, fin de ciclos, despedidas), así como la fortaleza que se encuentra al atravesar estos momentos. El proceso creativo de 'Duelo' pudo haber sido terapéutico para Nanpa Básico, utilizando la música como un medio para procesar experiencias personales intensas. Las anécdotas podrían revelar el período emocional por el que atravesaba el artista al componer. El mensaje principal es la sanación a través del arte y la aceptación de las etapas difíciles de la vida.",
                "influencias" : "En 'Duelo', es probable que se profundice en las influencias del R&B y el soul melancólico, con arreglos orquestales sutiles que añaden dramatismo. También podrían aparecer elementos de jazz suave para crear una atmósfera introspectiva y reflexiva, haciendo de este un álbum emocionalmente denso.",
                "cover" : "https://i.scdn.co/image/ab67616d0000b27367ce9ad1f945c3f709bd48f4",
                "link" : "https://www.youtube.com/playlist?list=OLAK5uy_kzQGOrmzK-SgSF0UJj9749Ur5Ckf9j6UE",
                "canciones" : ["<li>Esto Va</li>",
                                "<li>Prototipo</li>",
                                "<li>Tu Familia Dice</li>",
                                "<li>Estoy</li>",
                                "<li>Enfermo de Irrealidad</li>",
                                "<li>Hoy</li>",
                                "<li>Tras tus Prismas</li>",
                                "<li>Eres</li>",
                                "<li>Binomio</li>",
                                "<li>4:20</li>",
                                "<li>Soy Culpable</li>",
                                "<li>Te Invito a no Hacer Nada</li>",
                                "<li>Acid Sound</li>"]
            }
        }
    ]
}